{
    "radio.song.custom.1": {
        "category": "ui",
        "sounds": [
            {
                "name": "sounds/music/custom/1",
                "stream": true,
                "volume": 1,
                "load_on_low_memory": true
            }
        ]
    },
    "radio.song.custom.2": {
        "category": "ui",
        "sounds": [
            {
                "name": "sounds/music/custom/2",
                "stream": true,
                "volume": 1,
                "load_on_low_memory": true
            }
        ]
    },
    "radio.song.custom.3": {
        "category": "ui",
        "sounds": [
            {
                "name": "sounds/music/custom/3",
                "stream": true,
                "volume": 1,
                "load_on_low_memory": true
            }
        ]
    },
    "radio.song.custom.4": {
        "category": "ui",
        "sounds": [
            {
                "name": "sounds/music/custom/4",
                "stream": true,
                "volume": 1,
                "load_on_low_memory": true
            }
        ]
    },
    "radio.song.custom.5": {
        "category": "ui",
        "sounds": [
            {
                "name": "sounds/music/custom/5",
                "stream": true,
                "volume": 1,
                "load_on_low_memory": true
            }
        ]
    },
    "radio.song.custom.6": {
        "category": "ui",
        "sounds": [
            {
                "name": "sounds/music/custom/6",
                "stream": true,
                "volume": 1,
                "load_on_low_memory": true
            }
        ]
    },
    "radio.song.custom.7": {
        "category": "ui",
        "sounds": [
            {
                "name": "sounds/music/custom/7",
                "stream": true,
                "volume": 1,
                "load_on_low_memory": true
            }
        ]
    },
    "radio.song.custom.8": {
        "category": "ui",
        "sounds": [
            {
                "name": "sounds/music/custom/8",
                "stream": true,
                "volume": 1,
                "load_on_low_memory": true
            }
        ]
    },
    "radio.song.custom.9": {
        "category": "ui",
        "sounds": [
            {
                "name": "sounds/music/custom/9",
                "stream": true,
                "volume": 1,
                "load_on_low_memory": true
            }
        ]
    },
    "radio.song.custom.10": {
        "category": "ui",
        "sounds": [
            {
                "name": "sounds/music/custom/10",
                "stream": true,
                "volume": 1,
                "load_on_low_memory": true
            }
        ]
    }
}