{
  "namespace": "custom_radio_songs",


  "custom_song_1@radio.song_item": {
    "$song_name": "radio.song.custom.1",
    "$song_author": "custom",
    "$song_file_path": "sounds/music/custom/1.ogg",
    "$song_icon": "textures/ui/custom_radio_song_1",
    "$song_icon_background": "textures/ui/Black",
    "ignored": false
  },


  "custom_song_2@radio.song_item": {
    "$song_name": "radio.song.custom.2",
    "$song_author": "custom",
    "$song_file_path": "sounds/music/custom/2.ogg",
    "$song_icon": "textures/ui/custom_radio_song_2",
    "$song_icon_background": "textures/ui/Black",
    "ignored": false
  },


  "custom_song_3@radio.song_item": {
    "$song_name": "radio.song.custom.3",
    "$song_author": "custom",
    "$song_file_path": "sounds/music/custom/3.ogg",
    "$song_icon": "textures/ui/custom_radio_song_3",
    "$song_icon_background": "textures/ui/Black",
    "ignored": false
  },


  "custom_song_4@radio.song_item": {
    "$song_name": "radio.song.custom.4",
    "$song_author": "custom",
    "$song_file_path": "sounds/music/custom/4.ogg",
    "$song_icon": "textures/ui/custom_radio_song_4",
    "$song_icon_background": "textures/ui/Black",
    "ignored": false
  },


  "custom_song_5@radio.song_item": {
    "$song_name": "radio.song.custom.5",
    "$song_author": "custom",
    "$song_file_path": "sounds/music/custom/5.ogg",
    "$song_icon": "textures/ui/custom_radio_song_5",
    "$song_icon_background": "textures/ui/Black",
    "ignored": false
  },


  "custom_song_6@radio.song_item": {
    "$song_name": "radio.song.custom.6",
    "$song_author": "custom",
    "$song_file_path": "sounds/music/custom/6.ogg",
    "$song_icon": "textures/ui/custom_radio_song_6",
    "$song_icon_background": "textures/ui/Black",
    "ignored": false
  },


  "custom_song_7@radio.song_item": {
    "$song_name": "radio.song.custom.7",
    "$song_author": "custom",
    "$song_file_path": "sounds/music/custom/7.ogg",
    "$song_icon": "textures/ui/custom_radio_song_7",
    "$song_icon_background": "textures/ui/Black",
    "ignored": false
  },


  "custom_song_8@radio.song_item": {
    "$song_name": "radio.song.custom.8",
    "$song_author": "custom",
    "$song_file_path": "sounds/music/custom/8.ogg",
    "$song_icon": "textures/ui/custom_radio_song_8",
    "$song_icon_background": "textures/ui/Black",
    "ignored": false
  },


  "custom_song_9@radio.song_item": {
    "$song_name": "radio.song.custom.9",
    "$song_author": "custom",
    "$song_file_path": "sounds/music/custom/9.ogg",
    "$song_icon": "textures/ui/custom_radio_song_9",
    "$song_icon_background": "textures/ui/Black",
    "ignored": false
  },


  "custom_song_10@radio.song_item": {
    "$song_name": "radio.song.custom.10",
    "$song_author": "custom",
    "$song_file_path": "sounds/music/custom/10.ogg",
    "$song_icon": "textures/ui/custom_radio_song_10",
    "$song_icon_background": "textures/ui/Black",
    "ignored": false
  }
}